Workbook

Sheet README
A1: REEF RUN — demand validation tracker (02_DEMAND_VALIDATION.md)
A2: Blue = you type it in. Black = formula. Grey italic row = an EXAMPLE showing the format; overwrite it. Yellow = threshold you may change.
A3: Weekly KPIs: one row per week, numbers from Steamworks (UTM + wishlist reports), the email tool, Discord and playtest logs.
A4: Clips: one row per short video per platform, metrics at 72 hours. Concepts: A = 'It can hear you', B = 'Be the shark', C = 'Hide in plain sight'.
A5: Survey: one row per playtest respondent. Only respondents with 3+ rounds count toward the purchase-intent gate.
A6: Gates: computed from the other sheets. Vanity numbers (views, likes, followers) are logged but never decide a gate.

Sheet Weekly KPIs
A1: Week # | B1: Week start | C1: Steam page visits | D1: Wishlist adds | E1: Wishlist deletes | F1: Net wishlists | G1: Cumulative wishlists | H1: Email signups (confirmed) | I1: Cumulative email | J1: KS pre-launch followers (total) | K1: Discord joins | L1: Playtest sessions | M1: Unique playtesters | N1: Groups that played | O1: Groups returning another day | P1: Paid spend (EUR) | Q1: Wishlists per 1k visits | R1: Group return rate | S1: Cost per net wishlist | T1: Notes
A2: 1 | B2: 2026-11-02 | C2: 640 | D2: 38 | E2: 3 | F2: =IF(D2="","",D2-E2) | G2: =IF(F2="","",SUM($F$2:F2)) | H2: 21 | I2: =IF(H2="","",SUM($H$2:H2)) | J2: 0 | K2: 15 | L2: 2 | M2: 9 | N2: 3 | O2: 1 | P2: 0 | Q2: =IF(OR(C2="",C2=0),"",1000*F2/C2) | R2: =IF(OR(N2="",N2=0),"",O2/N2) | S2: =IF(OR(F2="",F2<=0,P2=""),"",P2/F2) | T2: EXAMPLE ROW — replace with week 1
A3: 2 | F3: =IF(D3="","",D3-E3) | G3: =IF(F3="","",SUM($F$2:F3)) | I3: =IF(H3="","",SUM($H$2:H3)) | Q3: =IF(OR(C3="",C3=0),"",1000*F3/C3) | R3: =IF(OR(N3="",N3=0),"",O3/N3) | S3: =IF(OR(F3="",F3<=0,P3=""),"",P3/F3)
A4: 3 | F4: =IF(D4="","",D4-E4) | G4: =IF(F4="","",SUM($F$2:F4)) | I4: =IF(H4="","",SUM($H$2:H4)) | Q4: =IF(OR(C4="",C4=0),"",1000*F4/C4) | R4: =IF(OR(N4="",N4=0),"",O4/N4) | S4: =IF(OR(F4="",F4<=0,P4=""),"",P4/F4)
A5: 4 | F5: =IF(D5="","",D5-E5) | G5: =IF(F5="","",SUM($F$2:F5)) | I5: =IF(H5="","",SUM($H$2:H5)) | Q5: =IF(OR(C5="",C5=0),"",1000*F5/C5) | R5: =IF(OR(N5="",N5=0),"",O5/N5) | S5: =IF(OR(F5="",F5<=0,P5=""),"",P5/F5)
A6: 5 | F6: =IF(D6="","",D6-E6) | G6: =IF(F6="","",SUM($F$2:F6)) | I6: =IF(H6="","",SUM($H$2:H6)) | Q6: =IF(OR(C6="",C6=0),"",1000*F6/C6) | R6: =IF(OR(N6="",N6=0),"",O6/N6) | S6: =IF(OR(F6="",F6<=0,P6=""),"",P6/F6)
A7: 6 | F7: =IF(D7="","",D7-E7) | G7: =IF(F7="","",SUM($F$2:F7)) | I7: =IF(H7="","",SUM($H$2:H7)) | Q7: =IF(OR(C7="",C7=0),"",1000*F7/C7) | R7: =IF(OR(N7="",N7=0),"",O7/N7) | S7: =IF(OR(F7="",F7<=0,P7=""),"",P7/F7)
A8: 7 | F8: =IF(D8="","",D8-E8) | G8: =IF(F8="","",SUM($F$2:F8)) | I8: =IF(H8="","",SUM($H$2:H8)) | Q8: =IF(OR(C8="",C8=0),"",1000*F8/C8) | R8: =IF(OR(N8="",N8=0),"",O8/N8) | S8: =IF(OR(F8="",F8<=0,P8=""),"",P8/F8)
A9: 8 | F9: =IF(D9="","",D9-E9) | G9: =IF(F9="","",SUM($F$2:F9)) | I9: =IF(H9="","",SUM($H$2:H9)) | Q9: =IF(OR(C9="",C9=0),"",1000*F9/C9) | R9: =IF(OR(N9="",N9=0),"",O9/N9) | S9: =IF(OR(F9="",F9<=0,P9=""),"",P9/F9)
A10: 9 | F10: =IF(D10="","",D10-E10) | G10: =IF(F10="","",SUM($F$2:F10)) | I10: =IF(H10="","",SUM($H$2:H10)) | Q10: =IF(OR(C10="",C10=0),"",1000*F10/C10) | R10: =IF(OR(N10="",N10=0),"",O10/N10) | S10: =IF(OR(F10="",F10<=0,P10=""),"",P10/F10)
A11: 10 | F11: =IF(D11="","",D11-E11) | G11: =IF(F11="","",SUM($F$2:F11)) | I11: =IF(H11="","",SUM($H$2:H11)) | Q11: =IF(OR(C11="",C11=0),"",1000*F11/C11) | R11: =IF(OR(N11="",N11=0),"",O11/N11) | S11: =IF(OR(F11="",F11<=0,P11=""),"",P11/F11)
A12: 11 | F12: =IF(D12="","",D12-E12) | G12: =IF(F12="","",SUM($F$2:F12)) | I12: =IF(H12="","",SUM($H$2:H12)) | Q12: =IF(OR(C12="",C12=0),"",1000*F12/C12) | R12: =IF(OR(N12="",N12=0),"",O12/N12) | S12: =IF(OR(F12="",F12<=0,P12=""),"",P12/F12)
A13: 12 | F13: =IF(D13="","",D13-E13) | G13: =IF(F13="","",SUM($F$2:F13)) | I13: =IF(H13="","",SUM($H$2:H13)) | Q13: =IF(OR(C13="",C13=0),"",1000*F13/C13) | R13: =IF(OR(N13="",N13=0),"",O13/N13) | S13: =IF(OR(F13="",F13<=0,P13=""),"",P13/F13)
A14: 13 | F14: =IF(D14="","",D14-E14) | G14: =IF(F14="","",SUM($F$2:F14)) | I14: =IF(H14="","",SUM($H$2:H14)) | Q14: =IF(OR(C14="",C14=0),"",1000*F14/C14) | R14: =IF(OR(N14="",N14=0),"",O14/N14) | S14: =IF(OR(F14="",F14<=0,P14=""),"",P14/F14)
... A31: 30 | F31: =IF(D31="","",D31-E31) | G31: =IF(F31="","",SUM($F$2:F31)) | I31: =IF(H31="","",SUM($H$2:H31)) | Q31: =IF(OR(C31="",C31=0),"",1000*F31/C31) | R31: =IF(OR(N31="",N31=0),"",O31/N31) | S31: =IF(OR(F31="",F31<=0,P31=""),"",P31/F31)

Sheet Clips
A1: Date posted | B1: Platform | C1: Concept (A/B/C) | D1: Video ID (V1–V5, 08 list) | E1: Hook (first 1.5 s) | F1: Views (72 h) | G1: Avg watch % | H1: Link / profile clicks | I1: Steam visits (UTM) | J1: Wishlists (UTM) | K1: Wishlists per 1k visits | L1: Notes
A2: 2026-11-03 | B2: TikTok | C2: A | D2: V1 | E2: We had ONE rule: don't talk. | F2: 4200 | G2: 0.41 | H2: 60 | I2: 48 | J2: 3 | K2: =IF(OR(I2="",I2=0),"",1000*J2/I2) | L2: EXAMPLE ROW
K3: =IF(OR(I3="",I3=0),"",1000*J3/I3)
K4: =IF(OR(I4="",I4=0),"",1000*J4/I4)
K5: =IF(OR(I5="",I5=0),"",1000*J5/I5)
K6: =IF(OR(I6="",I6=0),"",1000*J6/I6)
K7: =IF(OR(I7="",I7=0),"",1000*J7/I7)
K8: =IF(OR(I8="",I8=0),"",1000*J8/I8)
K9: =IF(OR(I9="",I9=0),"",1000*J9/I9)
K10: =IF(OR(I10="",I10=0),"",1000*J10/I10)
K11: =IF(OR(I11="",I11=0),"",1000*J11/I11)
K12: =IF(OR(I12="",I12=0),"",1000*J12/I12)
K13: =IF(OR(I13="",I13=0),"",1000*J13/I13)
K14: =IF(OR(I14="",I14=0),"",1000*J14/I14)
... K201: =IF(OR(I201="",I201=0),"",1000*J201/I201)

Sheet Concepts
A1: Concept | B1: Name | C1: Steam visits (UTM) | D1: Wishlists (UTM) | E1: Wishlists per 1k visits | F1: Enough data? (≥ min visits) | G1: Leader?
A2: A | B2: It can hear you | C2: =SUMIFS(Clips!$I:$I,Clips!$C:$C,A2) | D2: =SUMIFS(Clips!$J:$J,Clips!$C:$C,A2) | E2: =IF(C2=0,"",1000*D2/C2) | F2: =IF(C2>=$C$6,"Yes","Not yet") | G2: =IF(AND(F2="Yes",E2<>"",E2=MAX($E$2:$E$4)),"◀ leader","")
A3: B | B3: Be the shark | C3: =SUMIFS(Clips!$I:$I,Clips!$C:$C,A3) | D3: =SUMIFS(Clips!$J:$J,Clips!$C:$C,A3) | E3: =IF(C3=0,"",1000*D3/C3) | F3: =IF(C3>=$C$6,"Yes","Not yet") | G3: =IF(AND(F3="Yes",E3<>"",E3=MAX($E$2:$E$4)),"◀ leader","")
A4: C | B4: Hide in plain sight | C4: =SUMIFS(Clips!$I:$I,Clips!$C:$C,A4) | D4: =SUMIFS(Clips!$J:$J,Clips!$C:$C,A4) | E4: =IF(C4=0,"",1000*D4/C4) | F4: =IF(C4>=$C$6,"Yes","Not yet") | G4: =IF(AND(F4="Yes",E4<>"",E4=MAX($E$2:$E$4)),"◀ leader","")
A6: Minimum visits per concept | C6: 300
A8: The example row in Clips counts toward concept A until you overwrite it.

Sheet Playtest Survey
A1: Respondent ID | B1: Date | C1: Rounds played | D1: Played shark? (Y/N) | E1: Fun 1–5 | F1: Would buy at €12.99? (Yes/Maybe/No) | G1: Usual group size | H1: Would back on Kickstarter? (Yes/Maybe/No) | I1: Used a mic? (Y/N) | J1: Top complaint | K1: Best moment (quote) | L1: Counts (3+ rounds)? | N1: Question bank (ask in this order, after round 3)
A2: P001 | B2: 2026-11-28 | C2: 4 | D2: Y | E2: 4 | F2: Yes | G2: 4 | H2: Maybe | I2: Y | J2: Shark too fast at the escape | K2: "It heard me sneeze" | L2: =IF(C2="","",IF(C2>=3,1,0)) | N2: 1. How many rounds did you play? (number)
L3: =IF(C3="","",IF(C3>=3,1,0)) | N3: 2. Did you play as the shark at least once?
L4: =IF(C4="","",IF(C4>=3,1,0)) | N4: 3. How fun was it, 1–5?
L5: =IF(C5="","",IF(C5>=3,1,0)) | N5: 4. If Reef Run cost €12.99 on Steam, would you buy it? Yes / Maybe / No
L6: =IF(C6="","",IF(C6>=3,1,0)) | N6: 5. How many people are usually in your game group?
L7: =IF(C7="","",IF(C7>=3,1,0)) | N7: 6. Would you back it on Kickstarter to get in early? Yes / Maybe / No
L8: =IF(C8="","",IF(C8>=3,1,0)) | N8: 7. Did you use a microphone?
L9: =IF(C9="","",IF(C9>=3,1,0)) | N9: 8. What was the most frustrating thing?
L10: =IF(C10="","",IF(C10>=3,1,0)) | N10: 9. What moment will you tell a friend about?
L11: =IF(C11="","",IF(C11>=3,1,0))
L12: =IF(C12="","",IF(C12>=3,1,0))
L13: =IF(C13="","",IF(C13>=3,1,0))
L14: =IF(C14="","",IF(C14>=3,1,0))
L15: =IF(C15="","",IF(C15>=3,1,0))
L16: =IF(C16="","",IF(C16>=3,1,0))
L17: =IF(C17="","",IF(C17>=3,1,0))
L18: =IF(C18="","",IF(C18>=3,1,0))
L19: =IF(C19="","",IF(C19>=3,1,0))
L20: =IF(C20="","",IF(C20>=3,1,0))
L21: =IF(C21="","",IF(C21>=3,1,0))
L22: =IF(C22="","",IF(C22>=3,1,0))
... L501: =IF(C501="","",IF(C501>=3,1,0))

Sheet Gates
A1: Gate | B1: Measure | C1: Current value | D1: Threshold | E1: Status | F1: Source
A2: G0 | B2: Kickstarter identity + NL bank verification passed (type Yes when done) | C2: No | D2: Yes | E2: =IF(C2=D2,"PASS","FAIL") | F2: 01 §3.1, K3 (creator resident in NL)
A3: G1 | B3: Steam page live + key distribution confirmed (Yes/No) | C3: No | D3: Yes | E3: =IF(C3=D3,"PASS","FAIL") | F3: S3
A4: G2 | B4: Cumulative net wishlists | C4: =MAX('Weekly KPIs'!G2:G31) | D4: 7500 | E4: =IF(C4>=D4,"PASS","FAIL") | F4: 02 §9
A5: G3 | B5: Expected backers from direct list = followers×0.20 + email×0.04 | C5: =MAX('Weekly KPIs'!J2:J31)*0.2+MAX('Weekly KPIs'!I2:I31)*0.04 | D5: 224 | E5: =IF(C5>=D5,"PASS","FAIL") | F5: 03 Backer Funnel (MVD v2; ≈1,120 KS followers at 20%)
A6: G4a | B6: Share 'Yes' at €12.99 among respondents with 3+ rounds | C6: =IF(SUM('Playtest Survey'!L2:L501)=0,0,COUNTIFS('Playtest Survey'!C2:C501,">=3",'Playtest Survey'!F2:F501,"Yes")/SUM('Playtest Survey'!L2:L501)) | D6: 0.4 | E6: =IF(C6>=D6,"PASS","FAIL") | F6: 02 §7 H3
A7: G4b | B7: Group return rate (all weeks) | C7: =IF(SUM('Weekly KPIs'!N2:N31)=0,0,SUM('Weekly KPIs'!O2:O31)/SUM('Weekly KPIs'!N2:N31)) | D7: 0.3 | E7: =IF(C7>=D7,"PASS","FAIL") | F7: 02 §7 H2
A8: G4c | B8: Open critical bugs (type the count) | C8: 1 | D8: 0 | E8: =IF(C8<=D8,"PASS","FAIL") | F8: 00 §4
A9: G5 | B9: Team hours confirmed through Q4 2027 (Yes/No) | C9: No | D9: Yes | E9: =IF(C9=D9,"PASS","FAIL") | F9: 03
B11: ALL GATES | E11: =IF(COUNTIF(E2:E9,"PASS")=8,"GO","NO-GO")
